{
  "questSettings": {
    "betterquesting": {
      "livesMax": 10,
      "home_anchor_y": 0.0,
      "livesDef": 3,
      "home_anchor_x": 0.5,
      "hardcore": false,
      "home_image": "betterquesting:textures/gui/default_title.png",
      "editMode": true,
      "home_offset_x": -128,
      "home_offset_y": 0
    }
  },
  "questDatabase": [
    {
      "properties": {
        "betterquesting": {
          "snd_complete": "random.levelup",
          "taskLogic": "AND",
          "partySingleReward": false,
          "visibility": "NORMAL",
          "isMain": true,
          "simultaneous": false,
          "icon": {
            "id": "minecraft:written_book",
            "Count": 1,
            "OreDict": "",
            "Damage": 0
          },
          "snd_update": "random.levelup",
          "repeatTime": -1,
          "globalShare": false,
          "questLogic": "AND",
          "name": "认识这个世界",
          "lockedProgress": false,
          "autoClaim": false,
          "isSilent": false,
          "desc": "你好，我叫任务书，我会带你完整的了解这个游戏的玩法\n并会在你困难的时候提供帮助。\n\n现在你手上会有一本任务手册，右键以打开它，就可以访问任务页面。\n\n当然进入任务页面的方法并不只一个，你可以按下键盘上的§l～§0§r键来呼出任务页面\n\n我们邀请了最好的文士将你所遇到的问题一一记录下来并耐心解答\n\n如果你遇到什么不会的地方，请先打开这本手册，他会告诉你答案\n\n祝你好运"
        }
      },
      "tasks": [
        {
          "taskID": "bq_standard:checkbox",
          "index": 0
        }
      ],
      "rewards": [
        {
          "rewards": [
            {
              "id": "TConstruct:helmetWood",
              "Count": 1,
              "OreDict": "",
              "Damage": 0
            },
            {
              "id": "TConstruct:chestplateWood",
              "Count": 1,
              "OreDict": "",
              "Damage": 0
            },
            {
              "id": "TConstruct:leggingsWood",
              "Count": 1,
              "OreDict": "",
              "Damage": 0
            },
            {
              "id": "TConstruct:bootsWood",
              "Count": 1,
              "OreDict": "",
              "Damage": 0
            }
          ],
          "rewardID": "bq_standard:item",
          "index": 0
        }
      ],
      "preRequisites": [
        1
      ],
      "questID": 0
    },
    {
      "properties": {
        "betterquesting": {
          "snd_complete": "random.levelup",
          "taskLogic": "AND",
          "partySingleReward": false,
          "visibility": "UNLOCKED",
          "isMain": true,
          "simultaneous": false,
          "icon": {
            "id": "Thaumcraft:ItemResearchNotes",
            "Count": 1,
            "OreDict": "",
            "Damage": 0
          },
          "snd_update": "random.levelup",
          "repeatTime": -1,
          "globalShare": false,
          "questLogic": "AND",
          "name": "你的第一个任务",
          "lockedProgress": false,
          "autoClaim": false,
          "isSilent": false,
          "desc": "任务手册最大的作用就是提供了一些任务，并给予你奖励。\n\n这些任务会让你快速的了解我们游戏的玩法及运作\n\n那么接下来可以来体验一下这个任务系统\n\n现在你正读的这个文档其实就是你的§r§n§5§1§2§3§5§l第一个任务§r\n他非常简单，你只需要点击一下右方的§lX§r按钮\n在点击一下§l提交§r就可以完成这个任务\n\n然后左侧的领取就会亮起 点击即可领取这个任务的奖励\n\n你将会获得一些好吃的\n"
        }
      },
      "tasks": [
        {
          "taskID": "bq_standard:checkbox",
          "index": 0
        }
      ],
      "rewards": [
        {
          "rewards": [
            {
              "id": "thirstmod:item.chocolate_milk",
              "Count": 1,
              "OreDict": "",
              "Damage": 0
            },
            {
              "id": "harvestcraft:brownieItem",
              "Count": 2,
              "OreDict": "",
              "Damage": 0
            }
          ],
          "rewardID": "bq_standard:item",
          "index": 0
        }
      ],
      "preRequisites": [],
      "questID": 1
    },
    {
      "properties": {
        "betterquesting": {
          "snd_complete": "random.levelup",
          "taskLogic": "AND",
          "partySingleReward": false,
          "visibility": "NORMAL",
          "isMain": false,
          "simultaneous": false,
          "icon": {
            "id": "minecraft:crafting_table",
            "Count": 1,
            "OreDict": "",
            "Damage": 0
          },
          "snd_update": "random.levelup",
          "repeatTime": -1,
          "globalShare": false,
          "questLogic": "AND",
          "name": "论 合成的重要性",
          "lockedProgress": false,
          "autoClaim": false,
          "isSilent": false,
          "desc": "如你所见，在原版的合成中，众多的合成表中可能你只记得几个\n\n然而我们这里有§7§7§7§8§9上千个§0合成表，单靠记忆是不可能全部记起来\n\n\n所以，我们这里加装了NEI作为你的好帮手\n\n只需要打开背包，就可以看到右侧有一栏方块及物品。\n\n在底部的搜索栏上输入你想需要的物品，NEI会显示出这个物品的获得方式\n\n§l使用光标选中物品，按下§l§1§k§§§e§rR§0键 显示该物品的合成方式\n按下§e§cU§d§9§0键，显示该物品的用途。\n\nYep 请牢记此方法，这会在后面帮到你不少"
        }
      },
      "tasks": [
        {
          "taskID": "bq_standard:checkbox",
          "index": 0
        }
      ],
      "rewards": [
        {
          "rewards": [
            {
              "id": "harvestcraft:delightedmealItem",
              "Count": 1,
              "OreDict": "",
              "Damage": 0
            }
          ],
          "rewardID": "bq_standard:item",
          "index": 0
        }
      ],
      "preRequisites": [
        0
      ],
      "questID": 2
    },
    {
      "properties": {
        "betterquesting": {
          "snd_complete": "random.levelup",
          "taskLogic": "AND",
          "partySingleReward": false,
          "visibility": "NORMAL",
          "isMain": false,
          "simultaneous": false,
          "icon": {
            "id": "Thaumcraft:ItemLootBag",
            "Count": 1,
            "OreDict": "",
            "Damage": 0
          },
          "snd_update": "random.levelup",
          "repeatTime": -1,
          "globalShare": false,
          "questLogic": "AND",
          "name": "你的第一个任务 II",
          "lockedProgress": false,
          "autoClaim": false,
          "isSilent": false,
          "desc": "噢 你刚完成了第一个任务，不过这只是这个任务的一部分而已\n\n我们来接触下一个任务的内容\n\n这一次我们来点别的，这次由你来选任务奖励\n\n这里有一个小任务，只需要点击一下就可以完成\n\n不过这次你可以从左侧列表里面选一个你喜欢的拿走\n\n马上来试试吧"
        }
      },
      "tasks": [
        {
          "taskID": "bq_standard:checkbox",
          "index": 0
        }
      ],
      "rewards": [
        {
          "choices": [
            {
              "id": "harvestcraft:grapejellyItem",
              "Count": 2,
              "OreDict": "",
              "Damage": 0
            },
            {
              "id": "harvestcraft:kiwijellyItem",
              "Count": 2,
              "OreDict": "",
              "Damage": 0
            },
            {
              "id": "harvestcraft:blueberryjellyItem",
              "Count": 2,
              "OreDict": "",
              "Damage": 0
            },
            {
              "id": "harvestcraft:blackberryjuiceItem",
              "Count": 2,
              "OreDict": "",
              "Damage": 0
            },
            {
              "id": "harvestcraft:melonjuiceItem",
              "Count": 2,
              "OreDict": "",
              "Damage": 0
            }
          ],
          "rewardID": "bq_standard:choice",
          "index": 0
        },
        {
          "choices": [
            {
              "id": "thirstmod:bottled_apricot",
              "Count": 2,
              "OreDict": "",
              "Damage": 0
            },
            {
              "id": "thirstmod:bottled_cherry_juice",
              "Count": 2,
              "OreDict": "",
              "Damage": 0
            },
            {
              "id": "thirstmod:bottled_grapefruit_juice",
              "Count": 2,
              "OreDict": "",
              "Damage": 0
            }
          ],
          "rewardID": "bq_standard:choice",
          "index": 1
        }
      ],
      "preRequisites": [
        1
      ],
      "questID": 3
    },
    {
      "properties": {
        "betterquesting": {
          "snd_complete": "random.levelup",
          "taskLogic": "AND",
          "partySingleReward": false,
          "visibility": "NORMAL",
          "isMain": false,
          "simultaneous": false,
          "icon": {
            "id": "harvestcraft:muttoncookedItem",
            "Count": 1,
            "OreDict": "",
            "Damage": 0
          },
          "snd_update": "random.levelup",
          "repeatTime": -1,
          "globalShare": false,
          "questLogic": "AND",
          "name": "生存之道——肉！！！",
          "lockedProgress": false,
          "autoClaim": false,
          "isSilent": false,
          "desc": "在前几次任务中吃的食物中，有没有留意到在食物上有一些有趣的东西\n\n现在你可以直接看到这个食物能为你提供多少饱食度\n\n接下来的细节 细心的朋友可能已经发现了这个\n\n§1§9§o§d§n§o§r§o§1§o食物恢复的饥饿值递减开始在\n食用任何食物超过xx次之后\n\n§r这个数值在每吃下一个食物之后就会减少\n\n如果这个数值归零的话，那么你需要去吃不同种类的食物\n以此来恢复你的饥饿度，重复的吃同一个食物不会增加你的饱腹度，并且会越吃越慢\n\n不过不必担心，我们准备了上百种的食物可供选择，这些我们会在后面的任务里学到"
        }
      },
      "tasks": [
        {
          "taskID": "bq_standard:checkbox",
          "index": 0
        }
      ],
      "rewards": [
        {
          "choices": [
            {
              "id": "harvestcraft:cornishpastyItem",
              "Count": 2,
              "OreDict": "",
              "Damage": 0
            },
            {
              "id": "harvestcraft:grilledskewersItem",
              "Count": 2,
              "OreDict": "",
              "Damage": 0
            },
            {
              "id": "harvestcraft:venisoncookedItem",
              "Count": 3,
              "OreDict": "",
              "Damage": 0
            },
            {
              "id": "harvestcraft:beefjerkyItem",
              "Count": 3,
              "OreDict": "",
              "Damage": 0
            },
            {
              "id": "harvestcraft:apricotglazedporkItem",
              "Count": 3,
              "OreDict": "",
              "Damage": 0
            }
          ],
          "rewardID": "bq_standard:choice",
          "index": 0
        }
      ],
      "preRequisites": [
        3
      ],
      "questID": 4
    },
    {
      "properties": {
        "betterquesting": {
          "snd_complete": "random.levelup",
          "taskLogic": "AND",
          "partySingleReward": false,
          "isMain": false,
          "simultaneous": false,
          "icon": {
            "id": "IguanaTweaksTConstruct:clayBucketWater",
            "Count": 1,
            "OreDict": "",
            "Damage": 0
          },
          "snd_update": "random.levelup",
          "repeatTime": -1,
          "globalShare": false,
          "questLogic": "AND",
          "name": "生存之道——水！！！",
          "lockedProgress": false,
          "autoClaim": false,
          "isSilent": false,
          "desc": "有了食物，但是我们可不能没有§9§l水\n\n§r水总是非常的重要，在你饱腹度的上方可以看到一个类似的条\n那个就是你的干渴度，需要及时摄取水分来补充\n\n获得水的方法有非常多\n§d直接取水\n§9商店购买\n任务获得\n§0\n在这组任务，将会教会你如何获得安全可用的水\n\n§4§l§l§m§m§n§r§l§4§l木板请勿丢弃，用于第二节任务"
        }
      },
      "tasks": [
        {
          "taskID": "bq_standard:checkbox",
          "index": 0
        }
      ],
      "rewards": [
        {
          "rewards": [
            {
              "id": "thirstmod:item.fresh_water",
              "Count": 3,
              "OreDict": "",
              "Damage": 0
            },
            {
              "id": "minecraft:planks",
              "Count": 10,
              "OreDict": "",
              "Damage": 2
            }
          ],
          "rewardID": "bq_standard:item",
          "index": 0
        }
      ],
      "preRequisites": [
        4
      ],
      "questID": 5
    },
    {
      "properties": {
        "betterquesting": {
          "snd_complete": "random.levelup",
          "taskLogic": "AND",
          "partySingleReward": false,
          "isMain": false,
          "simultaneous": false,
          "icon": {
            "id": "thirstmod:item.clean_bucket",
            "Count": 1,
            "OreDict": "",
            "Damage": 0
          },
          "snd_update": "random.levelup",
          "repeatTime": -1,
          "globalShare": false,
          "questLogic": "AND",
          "name": "生存之道II——水！！！",
          "lockedProgress": false,
          "autoClaim": false,
          "isSilent": false,
          "desc": "记得你刚刚获得的木板吧，本次的任务就是需要用这些材料制作一个简单而又实用的§l水杯§r\n\n使用你的NEI搜索【木杯子】即可搜索到\n\n使用木杯子去附近的水源处右键即可装满它\n\n右键就可以饮用\n\n除了杯子之外，瓶子 桶都可以用来盛水，在熔炉上烧制成为净水，净水补充的水分比生水要多\n\n再者 吃萝卜 苹果 西瓜之类的水果也可以补充少量的水分\n\n可以来拜访我们的商店，里面会出售大量的瓶装饮料，物美价廉！"
        }
      },
      "tasks": [
        {
          "partialMatch": true,
          "ignoreNBT": false,
          "consume": false,
          "groupDetect": false,
          "autoConsume": false,
          "requiredItems": [
            {
              "id": "thirstmod:item.cup",
              "Count": 1,
              "OreDict": "",
              "Damage": 0
            }
          ],
          "taskID": "bq_standard:retrieval",
          "index": 1
        }
      ],
      "rewards": [
        {
          "rewards": [
            {
              "id": "GrimoireOfGaia:item.GrimoireOfGaia.FoodSmallAppleGold",
              "Count": 1,
              "OreDict": "",
              "Damage": 0
            }
          ],
          "rewardID": "bq_standard:item",
          "index": 0
        }
      ],
      "preRequisites": [
        5
      ],
      "questID": 6
    },
    {
      "properties": {
        "betterquesting": {
          "snd_complete": "random.levelup",
          "taskLogic": "AND",
          "partySingleReward": false,
          "isMain": false,
          "simultaneous": false,
          "icon": {
            "id": "Thaumcraft:blockLifter",
            "Count": 1,
            "OreDict": "",
            "Damage": 0
          },
          "snd_update": "random.levelup",
          "repeatTime": -1,
          "globalShare": false,
          "questLogic": "AND",
          "name": "比水电梯更好",
          "lockedProgress": false,
          "autoClaim": false,
          "isSilent": false,
          "desc": "奥术悬浮台能让你在一小块的地方自由的飞行\n\n他的做法也不是特别的困难，一些神秘使也可以轻松制作\n\n在悬浮台的上方会生成一股向上的升力\n让你飞向高处，同时你也可以按住shift键\n来控制你飞行的高度\n\n一个悬浮台可以为你提供10格的升力\n你可以在这个悬浮台的底下再放置多个悬浮台\n可使其升力叠加\n\n你帮我收集如下材料，我可以送你一个"
        }
      },
      "tasks": [
        {
          "partialMatch": true,
          "ignoreNBT": false,
          "consume": true,
          "groupDetect": false,
          "autoConsume": false,
          "requiredItems": [
            {
              "id": "minecraft:dispenser",
              "Count": 1,
              "OreDict": "",
              "Damage": 0
            },
            {
              "id": "minecraft:log",
              "Count": 5,
              "OreDict": "logWood",
              "Damage": 0
            },
            {
              "id": "minecraft:string",
              "Count": 10,
              "OreDict": "",
              "Damage": 0
            },
            {
              "id": "minecraft:redstone",
              "Count": 10,
              "OreDict": "",
              "Damage": 0
            }
          ],
          "taskID": "bq_standard:retrieval",
          "index": 0
        }
      ],
      "rewards": [],
      "preRequisites": [
        6
      ],
      "questID": 7
    },
    {
      "properties": {
        "betterquesting": {
          "snd_complete": "random.levelup",
          "taskLogic": "AND",
          "partySingleReward": false,
          "isMain": false,
          "simultaneous": false,
          "icon": {
            "id": "minecraft:leather",
            "Count": 1,
            "OreDict": "",
            "Damage": 0
          },
          "snd_update": "random.levelup",
          "repeatTime": -1,
          "globalShare": false,
          "questLogic": "AND",
          "name": "铁到用时方恨少",
          "lockedProgress": false,
          "autoClaim": false,
          "isSilent": false,
          "desc": "珍贵的铁锭一般都是用来制作精密的机械产品及电路\n但你不觉得太贵了吗？\n\n于是我有个很大胆的想法，将蜡涂在柔软的皮革上\n使其变成媲美铁甲的硬皮革护甲\n\n只需要一点加工就可以获得良好的防护！"
        }
      },
      "tasks": [
        {
          "partialMatch": true,
          "ignoreNBT": false,
          "consume": true,
          "groupDetect": false,
          "autoConsume": false,
          "requiredItems": [
            {
              "id": "harvestcraft:waxItem",
              "Count": 24,
              "OreDict": "",
              "Damage": 0
            },
            {
              "id": "minecraft:leaves",
              "Count": 4,
              "OreDict": "",
              "Damage": 0
            },
            {
              "id": "minecraft:flint",
              "Count": 3,
              "OreDict": "",
              "Damage": 0
            }
          ],
          "taskID": "bq_standard:retrieval",
          "index": 0
        }
      ],
      "rewards": [
        {
          "rewards": [
            {
              "id": "harvestcraft:hardenedleatherhelmItem",
              "Count": 1,
              "OreDict": "",
              "Damage": 0
            },
            {
              "id": "harvestcraft:hardenedleatherchestItem",
              "Count": 1,
              "OreDict": "",
              "Damage": 0
            },
            {
              "id": "harvestcraft:hardenedleatherleggingsItem",
              "Count": 1,
              "OreDict": "",
              "Damage": 0
            },
            {
              "id": "harvestcraft:hardenedleatherbootsItem",
              "Count": 1,
              "OreDict": "",
              "Damage": 0
            }
          ],
          "rewardID": "bq_standard:item",
          "index": 0
        }
      ],
      "preRequisites": [
        10
      ],
      "questID": 8
    },
    {
      "properties": {
        "betterquesting": {
          "snd_complete": "random.levelup",
          "taskLogic": "AND",
          "partySingleReward": false,
          "isMain": false,
          "simultaneous": false,
          "icon": {
            "id": "BiomesOPlenty:mudball",
            "Count": 1,
            "OreDict": "",
            "Damage": 0
          },
          "snd_update": "random.levelup",
          "repeatTime": -1,
          "globalShare": false,
          "questLogic": "AND",
          "name": "我在Gomcagu玩泥巴",
          "lockedProgress": false,
          "autoClaim": false,
          "isSilent": false,
          "desc": "多冷啊，对于一开始没有盔甲的我们，急需一件可以穿的护甲。\n\n泥巴就是一个很好的选择\n\n在水边可以找到一些§c§l§8§1§l泥巴块§r，用手把它们揉成泥巴球并且做成一套护甲吧。\n\n虽然效果不是很好，但聊胜于无。"
        }
      },
      "tasks": [
        {
          "partialMatch": true,
          "ignoreNBT": false,
          "consume": true,
          "groupDetect": false,
          "autoConsume": false,
          "requiredItems": [
            {
              "id": "BiomesOPlenty:mudball",
              "Count": 26,
              "OreDict": "",
              "Damage": 0
            }
          ],
          "taskID": "bq_standard:retrieval",
          "index": 0
        }
      ],
      "rewards": [
        {
          "rewards": [
            {
              "id": "BiomesOPlenty:helmetMud",
              "Count": 1,
              "OreDict": "",
              "Damage": 0
            },
            {
              "id": "BiomesOPlenty:chestplateMud",
              "Count": 1,
              "OreDict": "",
              "Damage": 0
            },
            {
              "id": "BiomesOPlenty:leggingsMud",
              "Count": 1,
              "OreDict": "",
              "Damage": 0
            },
            {
              "id": "BiomesOPlenty:bootsMud",
              "Count": 1,
              "OreDict": "",
              "Damage": 0
            },
            {
              "id": "BiomesOPlenty:swordMud",
              "Count": 1,
              "OreDict": "",
              "Damage": 0
            }
          ],
          "rewardID": "bq_standard:item",
          "index": 0
        }
      ],
      "preRequisites": [
        6
      ],
      "questID": 9
    },
    {
      "properties": {
        "betterquesting": {
          "snd_complete": "random.levelup",
          "taskLogic": "AND",
          "partySingleReward": false,
          "isMain": false,
          "simultaneous": false,
          "icon": {
            "id": "harvestcraft:candleberryItem",
            "Count": 1,
            "OreDict": "",
            "Damage": 0
          },
          "snd_update": "random.levelup",
          "repeatTime": -1,
          "globalShare": false,
          "questLogic": "AND",
          "name": "味同嚼蜡",
          "lockedProgress": false,
          "autoClaim": false,
          "isSilent": false,
          "desc": "蜡梅是一个很神奇的植物，一方面来讲，它可以做成美食\n另一方面，它可以熬制成蜡，可以用来制造坚固的皮革装备"
        }
      },
      "tasks": [
        {
          "partialMatch": true,
          "ignoreNBT": false,
          "consume": true,
          "groupDetect": false,
          "autoConsume": false,
          "requiredItems": [
            {
              "id": "minecraft:wheat_seeds",
              "Count": 10,
              "OreDict": "",
              "Damage": 0
            }
          ],
          "taskID": "bq_standard:retrieval",
          "index": 0
        }
      ],
      "rewards": [
        {
          "rewards": [
            {
              "id": "harvestcraft:candleberryseedItem",
              "Count": 5,
              "OreDict": "",
              "Damage": 0
            }
          ],
          "rewardID": "bq_standard:item",
          "index": 0
        }
      ],
      "preRequisites": [
        9
      ],
      "questID": 10
    },
    {
      "properties": {
        "betterquesting": {
          "snd_complete": "random.levelup",
          "taskLogic": "AND",
          "partySingleReward": false,
          "isMain": false,
          "simultaneous": false,
          "icon": {
            "id": "minecraft:skull",
            "Count": 1,
            "OreDict": "",
            "Damage": 2
          },
          "snd_update": "random.levelup",
          "repeatTime": -1,
          "globalShare": false,
          "questLogic": "AND",
          "name": "危险的怪物",
          "lockedProgress": false,
          "autoClaim": false,
          "isSilent": false,
          "desc": "在这个世界上，怪物们都不好欺负\n它们其中混杂着一些十分强劲的怪物\n我们称之为——§l§k§k§0§3§l精英怪物\n\n§r它们拥有十分强的属性，它们身上有独特的粒子效果\n他们大多数都是敌对的，如果你看到它们，§c§k§k§l赶紧逃跑！§r\n\n怪物会显示出boss一样的血条，并且会显示出他们的属性\n\n如果你认为你有能力与之一战\n下面的任务将会对你很有利"
        }
      },
      "tasks": [
        {
          "target": "Zombie",
          "required": 5,
          "subtypes": true,
          "ignoreNBT": true,
          "targetNBT": {
            "Attributes:9": {
              "10": {
                "Base:6": 0.0347101224019057,
                "Name:8": "zombie.spawnReinforcements"
              }
            },
            "Invulnerable:1": 0,
            "PortalCooldown:3": 0,
            "AbsorptionAmount:5": 0.0,
            "FallDistance:5": 0.0,
            "DeathTime:2": 0,
            "DropChances:9": {
              "5": 0.085
            },
            "PersistenceRequired:1": 0,
            "HealF:5": 20.0,
            "id:8": "Zombie",
            "ConversionTime:3": -1,
            "Motion:9": {
              "6": 0.0
            },
            "Leashed:1": 0,
            "UUIDLeast:4": 4801919753759231730,
            "Health:2": 20,
            "Dimension:3": 0,
            "OnGround:1": 0,
            "Air:2": 0,
            "Rotation:9": {
              "5": 0.0
            },
            "Equipment:9": {
              "10": {}
            },
            "UUIDMost:4": 24302366926045,
            "CustomName:8": "",
            "CanBreakDoors:1": 0,
            "Pos:9": {
              "6": 0.0
            },
            "Fire:2": 0,
            "CanPickUpLoot:1": 0,
            "HurtTime:2": 0,
            "items:9": {},
            "AttackTime:2": 0,
            "CustomNameVisible:1": 0
          },
          "taskID": "bq_standard:hunt",
          "index": 1
        }
      ],
      "rewards": [],
      "preRequisites": [
        6
      ],
      "questID": 11
    },
    {
      "properties": {
        "betterquesting": {
          "snd_complete": "random.levelup",
          "taskLogic": "AND",
          "partySingleReward": false,
          "isMain": false,
          "simultaneous": false,
          "icon": {
            "id": "minecraft:skull",
            "Count": 1,
            "OreDict": "",
            "Damage": 0
          },
          "snd_update": "random.levelup",
          "repeatTime": -1,
          "globalShare": false,
          "questLogic": "AND",
          "name": "精英怪物",
          "lockedProgress": false,
          "autoClaim": false,
          "isSilent": false,
          "desc": "上一个任务中已经为你讲述过精英怪物的强大\n\n在你的冒险途中或许已经遇到过这些怪物\n\n本任务将作为一个百科全书，为你解读这些怪物的属性\n\n精英怪物可以同时拥有多个属性，属性的数量取决于怪物的§l§6§0§l稀有度\n\n§r怪物稀有度分为3种\n§9§1§2§3§3§4§b§l§n稀有\n§b§c§l§n强化\n§e§9§6§l§n史诗\n§r稀有度越高，可同时拥有的属性就越多，危险性也越高\n§r\n重生§r：§r死后会复活一次§r§r\n炼金：会向你投掷药水\n狂战士：造成伤害加倍，但会受到反伤\n反重力：将目标升到空中\n盔甲：受到伤害减半\n§l§r窒息：使目标窒息，攻击该怪物可以补充呼吸时间\n§l§r隐身：使怪物获得隐身效果。但是怪物身上的粒子效果还在§r\n黑暗：攻击/被攻击时使对方获得失明§r§r§r§rBuff\n瞬移：随机性的瞬间移动\n闪避：攻击一定几率无效\n炽热：攻击/被攻击使将对方点燃\n恶魂：发射火焰弹，可反射\n击退：将目标击飞\n吸血：攻击时恢复生命\n忍者：被攻击时遁地\n剧毒：攻击/被攻击时使对方获得中毒Buff\n流沙：使玩家获得迟缓Buff\n再生：以一定速率缓慢回血\n锈蚀：攻击/被攻击对方的武器/装备耐久大幅下降\n饥饿：攻击/被攻击使对方获得饥饿Buff\n疾走：短时间内快速移动\n雷暴：召唤雷电攻击仇恨对象\n虚弱：攻击/被攻击使对方获得虚弱Buff\n凋零：攻击/被攻击时使对方获得凋灵Buff"
        }
      },
      "tasks": [
        {
          "target": "Creeper",
          "required": 5,
          "subtypes": true,
          "ignoreNBT": true,
          "targetNBT": {
            "Attributes:9": {
              "10": {
                "Base:6": 2.0,
                "Name:8": "generic.attackDamage"
              }
            },
            "Invulnerable:1": 0,
            "PortalCooldown:3": 0,
            "AbsorptionAmount:5": 0.0,
            "FallDistance:5": 0.0,
            "DeathTime:2": 0,
            "DropChances:9": {
              "5": 0.085
            },
            "PersistenceRequired:1": 0,
            "HealF:5": 20.0,
            "id:8": "Creeper",
            "Fuse:2": 30,
            "Motion:9": {
              "6": 0.0
            },
            "Leashed:1": 0,
            "UUIDLeast:4": -1026137790854946298,
            "Health:2": 20,
            "Dimension:3": 0,
            "OnGround:1": 0,
            "ignited:1": 0,
            "Air:2": 0,
            "Rotation:9": {
              "5": 0.0
            },
            "Equipment:9": {
              "10": {}
            },
            "UUIDMost:4": 28926412888499,
            "CustomName:8": "",
            "Pos:9": {
              "6": 0.0
            },
            "Fire:2": 0,
            "CanPickUpLoot:1": 0,
            "HurtTime:2": 0,
            "items:9": {},
            "AttackTime:2": 0,
            "ExplosionRadius:1": 3,
            "CustomNameVisible:1": 0
          },
          "taskID": "bq_standard:hunt",
          "index": 0
        }
      ],
      "rewards": [
        {
          "choices": [
            {
              "id": "flammpfeil.slashblade:slashbladeBambooLight",
              "Count": 1,
              "OreDict": "",
              "Damage": 0,
              "tag": {
                "comboSeq:3": 0,
                "onClick:1": 0,
                "lastPosHash:3": 21154,
                "onJumpAttacked:1": 0,
                "isCharged:1": 0,
                "AttackAmplifier:5": 0.0,
                "isBroken:1": 0,
                "lastActionTime:4": 2416005,
                "SB.SEffect:10": {},
                "AttributeModifiers:9": {
                  "10": {
                    "UUIDMost:4": -3801225194067177672,
                    "UUIDLeast:4": -6586624321849018929,
                    "Amount:6": 5.0,
                    "AttributeName:8": "generic.attackDamage",
                    "Operation:3": 0,
                    "Name:8": "Weapon modifier"
                  }
                },
                "TargetEntity:3": 0
              }
            },
            {
              "id": "flammpfeil.slashblade:slashbladeWood",
              "Count": 1,
              "OreDict": "",
              "Damage": 0,
              "tag": {
                "AttackAmplifier:5": 0.0,
                "SB.SEffect:10": {},
                "AttributeModifiers:9": {
                  "10": {
                    "UUIDMost:4": -3801225194067177672,
                    "UUIDLeast:4": -6586624321849018929,
                    "Amount:6": 4.0,
                    "AttributeName:8": "generic.attackDamage",
                    "Operation:3": 0,
                    "Name:8": "Weapon modifier"
                  }
                }
              }
            }
          ],
          "rewardID": "bq_standard:choice",
          "index": 0
        }
      ],
      "preRequisites": [
        11
      ],
      "questID": 12
    },
    {
      "properties": {
        "betterquesting": {
          "snd_complete": "random.levelup",
          "taskLogic": "AND",
          "partySingleReward": false,
          "isMain": false,
          "simultaneous": false,
          "icon": {
            "id": "GrimoireOfGaia:item.GrimoireOfGaia.MiscGigaGear",
            "Count": 1,
            "OreDict": "",
            "Damage": 0
          },
          "snd_update": "random.levelup",
          "repeatTime": -1,
          "globalShare": false,
          "questLogic": "AND",
          "name": "盖亚魔典",
          "lockedProgress": false,
          "autoClaim": false,
          "isSilent": false,
          "desc": "这个世界上，除了僵尸，爬行者，骷髅等怪物之外。\n\n还会有来自§l盖亚世界§r的怪物\n\n它们有友好的 也有邪恶的\n\n他们已经来到这个世界上很多年了\n\n你在冒险旅途中或者会遇到他们。\n\n请小心，他们可是§l§c§l十足的危险\n\n§r如果他们抱有恶意向你走来\n\n野外将变得不再安全无忧，你的行动必须更加谨慎"
        }
      },
      "tasks": [
        {
          "target": "Zombie",
          "required": 10,
          "subtypes": true,
          "ignoreNBT": true,
          "targetNBT": {
            "Attributes:9": {
              "10": {
                "Base:6": 0.09127502575275755,
                "Name:8": "zombie.spawnReinforcements"
              }
            },
            "Invulnerable:1": 0,
            "PortalCooldown:3": 0,
            "AbsorptionAmount:5": 0.0,
            "FallDistance:5": 0.0,
            "DeathTime:2": 0,
            "DropChances:9": {
              "5": 0.085
            },
            "PersistenceRequired:1": 0,
            "HealF:5": 20.0,
            "id:8": "Zombie",
            "ConversionTime:3": -1,
            "Motion:9": {
              "6": 0.0
            },
            "Leashed:1": 0,
            "UUIDLeast:4": 4267421310971360104,
            "Health:2": 20,
            "Dimension:3": 0,
            "OnGround:1": 0,
            "Air:2": 0,
            "Rotation:9": {
              "5": 0.0
            },
            "Equipment:9": {
              "10": {}
            },
            "UUIDMost:4": 23493634540187,
            "CustomName:8": "",
            "CanBreakDoors:1": 0,
            "Pos:9": {
              "6": 0.0
            },
            "Fire:2": 0,
            "CanPickUpLoot:1": 0,
            "HurtTime:2": 0,
            "items:9": {},
            "AttackTime:2": 0,
            "CustomNameVisible:1": 0
          },
          "taskID": "bq_standard:hunt",
          "index": 0
        }
      ],
      "rewards": [],
      "preRequisites": [
        12
      ],
      "questID": 13
    },
    {
      "properties": {
        "betterquesting": {
          "snd_complete": "random.levelup",
          "taskLogic": "AND",
          "partySingleReward": false,
          "isMain": true,
          "simultaneous": false,
          "icon": {
            "id": "minecraft:log",
            "Count": 1,
            "OreDict": "",
            "Damage": 0
          },
          "snd_update": "random.levelup",
          "repeatTime": -1,
          "globalShare": false,
          "questLogic": "AND",
          "name": "要致富先伐木",
          "lockedProgress": false,
          "autoClaim": false,
          "isSilent": false,
          "desc": "万物之源始于树\n\n前往野外，找到一棵树木，并按住左键采集原木！\n"
        }
      },
      "tasks": [
        {
          "partialMatch": true,
          "ignoreNBT": false,
          "consume": false,
          "groupDetect": false,
          "autoConsume": false,
          "requiredItems": [
            {
              "id": "minecraft:log",
              "Count": 4,
              "OreDict": "",
              "Damage": 0
            }
          ],
          "taskID": "bq_standard:retrieval",
          "index": 0
        }
      ],
      "rewards": [
        {
          "rewards": [
            {
              "id": "minecraft:log",
              "Count": 8,
              "OreDict": "",
              "Damage": 0
            }
          ],
          "rewardID": "bq_standard:item",
          "index": 0
        }
      ],
      "preRequisites": [],
      "questID": 14
    },
    {
      "properties": {
        "betterquesting": {
          "snd_complete": "random.levelup",
          "taskLogic": "AND",
          "partySingleReward": false,
          "isMain": false,
          "simultaneous": false,
          "icon": {
            "id": "minecraft:crafting_table",
            "Count": 1,
            "OreDict": "",
            "Damage": 0
          },
          "snd_update": "random.levelup",
          "repeatTime": -1,
          "globalShare": false,
          "questLogic": "AND",
          "name": "合成生万物",
          "lockedProgress": false,
          "autoClaim": false,
          "isSilent": false,
          "desc": "有了原木时候 你应该需要做一个合成台来进行进一步的合成"
        }
      },
      "tasks": [
        {
          "partialMatch": true,
          "ignoreNBT": false,
          "consume": true,
          "groupDetect": false,
          "autoConsume": false,
          "requiredItems": [
            {
              "id": "minecraft:crafting_table",
              "Count": 1,
              "OreDict": "",
              "Damage": 0
            }
          ],
          "taskID": "bq_standard:retrieval",
          "index": 0
        }
      ],
      "rewards": [
        {
          "rewards": [
            {
              "id": "minecraft:mushroom_stew",
              "Count": 2,
              "OreDict": "",
              "Damage": 0
            },
            {
              "id": "thirstmod:item.fresh_water",
              "Count": 2,
              "OreDict": "",
              "Damage": 0
            }
          ],
          "rewardID": "bq_standard:item",
          "index": 0
        }
      ],
      "preRequisites": [
        14
      ],
      "questID": 15
    },
    {
      "properties": {
        "betterquesting": {
          "snd_complete": "random.levelup",
          "taskLogic": "AND",
          "partySingleReward": false,
          "isMain": false,
          "simultaneous": false,
          "icon": {
            "id": "minecraft:nether_star",
            "Count": 1,
            "OreDict": "",
            "Damage": 0
          },
          "snd_update": "random.levelup",
          "repeatTime": -1,
          "globalShare": false,
          "questLogic": "AND",
          "name": "保存好你的宝贝",
          "lockedProgress": false,
          "autoClaim": false,
          "isSilent": false,
          "desc": " 你小小的背包或许不够装下你繁多的物品\n\n你需要一个箱子来存放你的宝贝\n\nTips：两个箱子并排放在一起可以变成大箱子\n\nTips2：§l注意防盗！"
        }
      },
      "tasks": [
        {
          "partialMatch": true,
          "ignoreNBT": false,
          "consume": true,
          "groupDetect": false,
          "autoConsume": false,
          "requiredItems": [],
          "taskID": "bq_standard:retrieval",
          "index": 0
        }
      ],
      "rewards": [
        {
          "rewards": [],
          "rewardID": "bq_standard:item",
          "index": 1
        }
      ],
      "preRequisites": [
        15
      ],
      "questID": 16
    },
    {
      "properties": {
        "betterquesting": {
          "snd_complete": "random.levelup",
          "taskLogic": "AND",
          "partySingleReward": false,
          "isMain": false,
          "simultaneous": false,
          "icon": {
            "id": "minecraft:nether_star",
            "Count": 1,
            "OreDict": "",
            "Damage": 0
          },
          "snd_update": "random.levelup",
          "repeatTime": -1,
          "globalShare": false,
          "questLogic": "AND",
          "name": "New Quest",
          "lockedProgress": false,
          "autoClaim": false,
          "isSilent": false,
          "desc": "No Description"
        }
      },
      "tasks": [],
      "rewards": [],
      "preRequisites": [
        15
      ],
      "questID": 17
    }
  ],
  "questLines": [
    {
      "properties": {
        "betterquesting": {
          "name": "序章-欢迎来到Gomcagu！",
          "bg_image": "",
          "bg_size": 256,
          "desc": "§l欢迎来到Gomcagu！\n§0\n这里是全新的世界，在这个地方，你会接触到各种新奇的事物！\n\n魔法、科技、农业、冒险、生存\n\n我会带领你一步一步的来体验我们的游戏\n\n我们这里准备了一些小任务，你只需要花点时间\n\n当然 任务的奖励也是十分的可观的"
        }
      },
      "quests": [
        {
          "size": 24,
          "x": -12,
          "y": 24,
          "id": 0
        },
        {
          "size": 24,
          "x": -12,
          "y": -12,
          "id": 1
        },
        {
          "size": 24,
          "x": -12,
          "y": 60,
          "id": 2
        },
        {
          "size": 24,
          "x": 24,
          "y": -12,
          "id": 3
        },
        {
          "size": 24,
          "x": 60,
          "y": -12,
          "id": 4
        },
        {
          "size": 24,
          "x": 96,
          "y": -12,
          "id": 5
        },
        {
          "size": 24,
          "x": 96,
          "y": 24,
          "id": 6
        }
      ],
      "lineID": 0,
      "order": 0
    },
    {
      "properties": {
        "betterquesting": {
          "name": "附章-Gomcagu百科全书！",
          "bg_image": "",
          "bg_size": 256,
          "desc": "我们这里收录了Gomcagu所有的新奇趣事\n包括各种道具的用法，以及更多的任务奖励！"
        }
      },
      "quests": [
        {
          "size": 24,
          "x": -12,
          "y": -12,
          "id": 7
        },
        {
          "size": 24,
          "x": -48,
          "y": -78,
          "id": 8
        },
        {
          "size": 24,
          "x": -120,
          "y": -78,
          "id": 9
        },
        {
          "size": 24,
          "x": -84,
          "y": -78,
          "id": 10
        },
        {
          "size": 24,
          "x": -120,
          "y": -42,
          "id": 11
        },
        {
          "size": 24,
          "x": -84,
          "y": -42,
          "id": 12
        },
        {
          "size": 24,
          "x": -48,
          "y": -42,
          "id": 13
        }
      ],
      "lineID": 1,
      "order": 1
    },
    {
      "properties": {
        "betterquesting": {
          "name": "第一章-生存下来",
          "bg_image": "",
          "bg_size": 256,
          "desc": "本章将带你在这个世界上生存下来\n即便你没有接触过Minecraft\n\n跟上我的步伐 你会慢慢熟悉的"
        }
      },
      "quests": [
        {
          "size": 24,
          "x": -48,
          "y": -12,
          "id": 16
        },
        {
          "size": 24,
          "x": 24,
          "y": -12,
          "id": 17
        },
        {
          "size": 24,
          "x": -12,
          "y": -48,
          "id": 14
        },
        {
          "size": 24,
          "x": -12,
          "y": -12,
          "id": 15
        }
      ],
      "lineID": 2,
      "order": 2
    }
  ],
  "format": "1.0.0"
}