{
  "minecraft:entity": {
    "format_version": 0.1,

    "components": {
      "minecraft:identifier": {
        "id": "minecraft:potion.experience"
      },
      "minecraft:collision_box": {
        "width": 0.25,
        "height": 0.25
      },
      
      "minecraft:projectile": {
        "onHit": {
          "impact_damage": {
            "damage": 8,
            "knockback": false
          },
          "remove_on_hit": { }
        },
        "power": 30.9,
        "gravity": 0.01,
        "inertia": 1,
        "anchor": 2,
      }
   }
  }
 }
}
